sku,attribute_set,type,price,name,description,image,small_image,short_description,weight,tax_class_id,Visibility
A7,Default,simple,10,Véronique,"« La véronique s'aventure Près des boutons d'or dans les prés, Les caresses de la nature Hâtent les germes rassurés.""       
  Théophile GAUTIER ",Véronique.jpg,Véronique.jpg,"« La véronique s'aventure Près des boutons d'or dans les prés, Les caresses de la nature Hâtent les germes rassurés.""       
  Théophile GAUTIER ",0,None,"""Catalog,Search"""
C11,Default,simple,15,Okoumé,"""...Chaque arbre a sa voix dans le vent
 Le tronc muet confie au feuillage vivant
 Le secret souterrain de ses sourdes racines...""
 Henri de REGNIER
 ",Okoumé.jpg,Okoumé.jpg,"""...Chaque arbre a sa voix dans le vent
 Le tronc muet confie au feuillage vivant
 Le secret souterrain de ses sourdes racines...""
 Henri de REGNIER
 ",0,None,"""Catalog,Search"""
A4,Default,simple,10,Chrysalide,""" Au fond, c'est la solitude.
S'envelopper dans le cocon de son âme,
Se faire chrysalide,
Et attendre, la métamorphose.""
                                Auguste STRINDBERG

 ",Chrysalide.jpg,Chrysalide.jpg,""" Au fond, c'est la solitude.
S'envelopper dans le cocon de son âme,
Se faire chrysalide,
Et attendre, la métamorphose.""
                                Auguste STRINDBERG

 ",0,None,"""Catalog,Search"""
C8,Default,simple,15,Lomba,""" Dans le vert de ses yeux Il y avait d'autres terres... Et rien n'était chimère Dans le vert de ses yeux. ""
 Salvatore ADAMO
",Lomba.jpg,Lomba.jpg,""" Dans le vert de ses yeux Il y avait d'autres terres... Et rien n'était chimère Dans le vert de ses yeux. ""
 Salvatore ADAMO
",0,None,"""Catalog,Search"""
A1,Default,simple,10,Coralis," "" D'une fleur de corail que le soleil arrose...c'est peut-être pour ça qu'on te dit Ville Rose »
                                Claude NOUGARO
 
",Coralis.jpg,Coralis.jpg," "" D'une fleur de corail que le soleil arrose...c'est peut-être pour ça qu'on te dit Ville Rose »
                                Claude NOUGARO
 
",0,None,"""Catalog,Search"""
C5,Default,simple,15,"Coccinelle ",""" ...Couchée dans les citronnelles,
 je rêve si longtemps de bleu
 moi, la petite coccinelle,
 que j'en devient bête à bon Dieu. ""
 Maurice CARÊME","Coccinelle .jpg","Coccinelle .jpg",""" ...Couchée dans les citronnelles,
 je rêve si longtemps de bleu
 moi, la petite coccinelle,
 que j'en devient bête à bon Dieu. ""
 Maurice CARÊME",0,None,"""Catalog,Search"""
C2,Default,simple,15,Abeille,"
"" Les abeilles d’or et d’argent Mettaient l’aurore en fête. ""
Paul-Jean TOULET


 ",Abeille.jpg,Abeille.jpg,"
"" Les abeilles d’or et d’argent Mettaient l’aurore en fête. ""
Paul-Jean TOULET


 ",0,None,"""Catalog,Search"""
" que vois-tu ?",Default,simple,75.000000,Alors,"""Entre la poésie et les arts,
je marche sur le fil de mon imaginaire
comme un funambule.
C'est que je dois laisser des traces de mon passage,
non des preuves.
Seules les traces font rêver...""
 
 Mohamed El jerroudi.",Alors.jpg,Alors.jpg,"""Entre la poésie et les arts,
je marche sur le fil de mon imaginaire
comme un funambule.
C'est que je dois laisser des traces de mon passage,
non des preuves.
Seules les traces font rêver...""
 
 Mohamed El jerroudi.",0,None,"""Catalog,Search"""
T3,Default,simple,119,Symbiose,"""Attends-moi de l'autre côté de l'année,
Tu me rencontreras comme un éclair 
étendu au bord de l'automne.""
            Octavio PAZ",Symbiose.jpg,Symbiose.jpg,"""Attends-moi de l'autre côté de l'année,
Tu me rencontreras comme un éclair 
étendu au bord de l'automne.""
            Octavio PAZ",0,None,"""Catalog,Search"""
B33,Default,simple,12,Wapa,""" ...Quand la vie est un arbre,
 Chaque jour est une branche.""
Jacques  PREVERT",Wapa.jpg,Wapa.jpg,""" ...Quand la vie est un arbre,
 Chaque jour est une branche.""
Jacques  PREVERT",0,None,"""Catalog,Search"""
B30,Default,simple,12,Corinthe,"""...C’est dans Corinthe que fleurissent 
les Muses aux délicieux accords ;
c’est là que Mars embrase
une jeunesse intrépide de l’ardeur des combats... "" 
Poèmes grecques
 ",Corinthe.jpg,Corinthe.jpg,"""...C’est dans Corinthe que fleurissent 
les Muses aux délicieux accords ;
c’est là que Mars embrase
une jeunesse intrépide de l’ardeur des combats... "" 
Poèmes grecques
 ",0,None,"""Catalog,Search"""
B27,Default,simple,12,Bilinga,""" L'hiver s'est abattu sur toute floraison.
 Des arbres dépouillés dressent à l'horizon
 Leurs squelettes blanchis... ""
 Guy de MAUPASSANT",Bilinga.jpg,Bilinga.jpg,""" L'hiver s'est abattu sur toute floraison.
 Des arbres dépouillés dressent à l'horizon
 Leurs squelettes blanchis... ""
 Guy de MAUPASSANT",0,None,"""Catalog,Search"""
E7,Default,simple,24.8,Gazania,""" A voir les splendeurs d’octobre
 dans le feuillage de la forêt
et le chaud embrasement
 du soir sur les eaux, 
on eût dit qu’un bel arc-en-ciel 
s’était laissé choir du firmament."" 
Edgar Allan Poe  ",Gazania.jpg,Gazania.jpg,""" A voir les splendeurs d’octobre
 dans le feuillage de la forêt
et le chaud embrasement
 du soir sur les eaux, 
on eût dit qu’un bel arc-en-ciel 
s’était laissé choir du firmament."" 
Edgar Allan Poe  ",0,None,"""Catalog,Search"""
B24,Default,simple,12,Carline,"
"" ...La sultane regarde,


 et la mer qui se brise, là-bas,


 d'un flot d'argent brode les noirs îlots...""
Victor HUGO



",Carline.jpg,Carline.jpg,"
"" ...La sultane regarde,


 et la mer qui se brise, là-bas,


 d'un flot d'argent brode les noirs îlots...""
Victor HUGO



",0,None,"""Catalog,Search"""
E4,Default,simple,24.8,Mélanacantha,"« À pas menus, menus, Le bel automne est revenu... Et tout le long de son chemin, Le vent bondit, les pommes roulent...Ne l’avez-vous pas reconnu ? Le bel automne est revenu. »
             Raymond Richard",Mélanacantha.jpg,Mélanacantha.jpg,"« À pas menus, menus, Le bel automne est revenu... Et tout le long de son chemin, Le vent bondit, les pommes roulent...Ne l’avez-vous pas reconnu ? Le bel automne est revenu. »
             Raymond Richard",0,None,"""Catalog,Search"""
B21,Default,simple,12,Amaryllis,"
"" Soleil faible, incliné


 sur l'Amaryllis rouge


 Allumez la lumière. ""

 Haïku Jane Rechhold
",Amaryllis.jpg,Amaryllis.jpg,"
"" Soleil faible, incliné


 sur l'Amaryllis rouge


 Allumez la lumière. ""

 Haïku Jane Rechhold
",0,None,"""Catalog,Search"""
E1,Default,simple,24.8," Véra","« Il pleut des feuilles jaunes Il pleut des feuilles rouges. L’été va s’endormir Et l’hiver va venir Sur la pointe De ses souliers gelés. »
 Anne-Marie CHAPOUTON"," Véra.jpg"," Véra.jpg","« Il pleut des feuilles jaunes Il pleut des feuilles rouges. L’été va s’endormir Et l’hiver va venir Sur la pointe De ses souliers gelés. »
 Anne-Marie CHAPOUTON",0,None,"""Catalog,Search"""
B18,Default,simple,12,Dahlia,"  ""...Ainsi le Dahlia, roi vêtu de splendeur,  Élève sans orgueil sa tête sans odeur,... ""
 Paul VERLAINE
",Dahlia.jpg,Dahlia.jpg,"  ""...Ainsi le Dahlia, roi vêtu de splendeur,  Élève sans orgueil sa tête sans odeur,... ""
 Paul VERLAINE
",0,None,"""Catalog,Search"""
D22,Default,simple,20,Anacardia,"« Rouge,
 Rouge est la couleur de la passion, du désir. Noire,
 Noire est la nuit où les étoiles ne cessent d’écrire Nos vœux les plus secrets, les plus fous, »
Benoît Albertini
 ",Anacardia.jpg,Anacardia.jpg,"« Rouge,
 Rouge est la couleur de la passion, du désir. Noire,
 Noire est la nuit où les étoiles ne cessent d’écrire Nos vœux les plus secrets, les plus fous, »
Benoît Albertini
 ",0,None,"""Catalog,Search"""
B15,Default,simple,12,Colombine,"
"" La colombine avait glissé sa robe ballon, comme corolle blanche, d'une fleur de nuit. "" 
 Latifa",Colombine.jpg,Colombine.jpg,"
"" La colombine avait glissé sa robe ballon, comme corolle blanche, d'une fleur de nuit. "" 
 Latifa",0,None,"""Catalog,Search"""
D19,Default,simple,20,Olivia," « En rouge et noir, j'exilerai ma peur, J'irai plus haut que ces montagnes de douleur, En rouge et noir, j'afficherai mon cœur, En échange d'une trêve de douceur. »
                                        Jeanne Mas",Olivia.jpg,Olivia.jpg," « En rouge et noir, j'exilerai ma peur, J'irai plus haut que ces montagnes de douleur, En rouge et noir, j'afficherai mon cœur, En échange d'une trêve de douceur. »
                                        Jeanne Mas",0,None,"""Catalog,Search"""
D16,Default,simple,20,Sandérae,"« A un piment ajouter des ailes : une libellule! »
  Haï-Kaï 
 Matsuo Bashô

",Sandérae.jpg,Sandérae.jpg,"« A un piment ajouter des ailes : une libellule! »
  Haï-Kaï 
 Matsuo Bashô

",0,None,"""Catalog,Search"""
B12,Default,simple,12,"Cierge d'Argent","
"" Il faut faire du noir 
une couleur de lumière. ""
Clémence BOULOUQUE
","Cierge d'Argent.jpg","Cierge d'Argent.jpg","
"" Il faut faire du noir 
une couleur de lumière. ""
Clémence BOULOUQUE
",0,None,"""Catalog,Search"""
D13,Default,simple,20,Epidendrom,"""...J'aime le rouge,
 Dit la cerise à la framboise...
Le noir éclaire un peu plus le mystère,
 Murmure en s'envolant un zygène.""
                                  Patrick JOQUEL
 
 ",Epidendrom.jpg,Epidendrom.jpg,"""...J'aime le rouge,
 Dit la cerise à la framboise...
Le noir éclaire un peu plus le mystère,
 Murmure en s'envolant un zygène.""
                                  Patrick JOQUEL
 
 ",0,None,"""Catalog,Search"""
B9,Default,simple,12,Calathéa,"« ...un vert mousse pour apaiser les nerfs 
un vert Véronèse pour la mémoire du printemps... »
 Le Testament  Viera da Silva",Calathéa.jpg,Calathéa.jpg,"« ...un vert mousse pour apaiser les nerfs 
un vert Véronèse pour la mémoire du printemps... »
 Le Testament  Viera da Silva",0,None,"""Catalog,Search"""
B6,Default,simple,12,yucca," 
"" Je lègue à mes amis...                           un vert Véronèse pour la mémoire          du printemps...""
                                       Le testament
                                     Viera da Silva
 ",yucca.jpg,yucca.jpg," 
"" Je lègue à mes amis...                           un vert Véronèse pour la mémoire          du printemps...""
                                       Le testament
                                     Viera da Silva
 ",0,None,"""Catalog,Search"""
D10,Default,simple,20,Elégia,"        ""...L'époque où les feuilles jaunies qui se parent d'un reflet d'or, émaillent la forêt qui dort, de leurs nuances infinies...""
Louis FRECHETTE",Elégia.jpg,Elégia.jpg,"        ""...L'époque où les feuilles jaunies qui se parent d'un reflet d'or, émaillent la forêt qui dort, de leurs nuances infinies...""
Louis FRECHETTE",0,None,"""Catalog,Search"""
B3,Default,simple,12,Jouvencelle,"« Quant la doulce jouvencelle, 
 La très gracieuse et belle,
 Celle don't suy amoureux.. ».
 Anonyme XV ème siècle 
",Jouvencelle.jpg,Jouvencelle.jpg,"« Quant la doulce jouvencelle, 
 La très gracieuse et belle,
 Celle don't suy amoureux.. ».
 Anonyme XV ème siècle 
",0,None,"""Catalog,Search"""
D7,Default,simple,20,Ardisia,""" ...Vert aux nuances galopantes, folles, évanescentes,qui donnent naissance aux calligraphies sentimentales...""
 Rodica DRAGHINESCU
 ",Ardisia.jpg,Ardisia.jpg,""" ...Vert aux nuances galopantes, folles, évanescentes,qui donnent naissance aux calligraphies sentimentales...""
 Rodica DRAGHINESCU
 ",0,None,"""Catalog,Search"""
D4,Default,simple,20,Calathéa,"""...Il me semble, quand je te bois, Humer l'âme des jeunes bois Pendant la belle saison verte...""
                                  Raoul PONCHON
 ",Calathéa.jpg,Calathéa.jpg,"""...Il me semble, quand je te bois, Humer l'âme des jeunes bois Pendant la belle saison verte...""
                                  Raoul PONCHON
 ",0,None,"""Catalog,Search"""
A17,Default,simple,10,Coccinelle,"« Coccinelle, demoiselle Où t’en vas-tu donc ? Je m’en vais dans le soleil Car c'est là qu'est ma maison. ""
                    Edmond ROSTAND
 
 ",Coccinelle.jpg,Coccinelle.jpg,"« Coccinelle, demoiselle Où t’en vas-tu donc ? Je m’en vais dans le soleil Car c'est là qu'est ma maison. ""
                    Edmond ROSTAND
 
 ",0,None,"""Catalog,Search"""
D1,Default,simple,20,Ipomée,"« ...J'étais un pilier sous la lune molle! Ô combien belle, combien folle Est ma belle fleur bleue, ma douce fleur! »
             Mihai EMINESCU.
 ",Ipomée.jpg,Ipomée.jpg,"« ...J'étais un pilier sous la lune molle! Ô combien belle, combien folle Est ma belle fleur bleue, ma douce fleur! »
             Mihai EMINESCU.
 ",0,None,"""Catalog,Search"""
A14,Default,simple,10,"Clair de lune","« Fût-ce en mille éclats, Elle est toujours là,  La lune dans l'eau.""
                              Haïku                              Ueda Chôshû
 ","Clair de lune.jpg","Clair de lune.jpg","« Fût-ce en mille éclats, Elle est toujours là,  La lune dans l'eau.""
                              Haïku                              Ueda Chôshû
 ",0,None,"""Catalog,Search"""
C18,Default,simple,15,L'Albienne,"""...lumineux comme les dernières lueurs
  d'un soir de canicule estivale.
 apaisant comme les rayons du soleil. ""
                Jack VANCE",L'Albienne.jpg,L'Albienne.jpg,"""...lumineux comme les dernières lueurs
  d'un soir de canicule estivale.
 apaisant comme les rayons du soleil. ""
                Jack VANCE",0,None,"""Catalog,Search"""
A11,Default,simple,10,Coloquinte," ""La citrouille n'a pas besoin d'être transformée en carosse pour devenir admirable :
Il suffit de la regarder d'un œil neuf.""
                                                        Gabrielle MARQUET",Coloquinte.jpg,Coloquinte.jpg," ""La citrouille n'a pas besoin d'être transformée en carosse pour devenir admirable :
Il suffit de la regarder d'un œil neuf.""
                                                        Gabrielle MARQUET",0,None,"""Catalog,Search"""
C15,Default,simple,15,Tiama,""" Nuages gris d'acier
 Éclair de mélancolie
 Folle arabesque. ""
 Haïku
 Ossiane
 ",Tiama.jpg,Tiama.jpg,""" Nuages gris d'acier
 Éclair de mélancolie
 Folle arabesque. ""
 Haïku
 Ossiane
 ",0,None,"""Catalog,Search"""
A8,Default,simple,10,"Morelle noire","« Il faut faire du noir 
une couleur de lumière. »
                                                          Clémence BOULOUQUE

","Morelle noire.jpg","Morelle noire.jpg","« Il faut faire du noir 
une couleur de lumière. »
                                                          Clémence BOULOUQUE

",0,None,"""Catalog,Search"""
C12,Default,simple,15,Padouk,""" De l'autre côté,
 Au cœur des arabesques
 Je me balance. ""
 Haïku
 Ossiane
http://ossiane.blog.lemonde.fr
",Padouk.jpg,Padouk.jpg,""" De l'autre côté,
 Au cœur des arabesques
 Je me balance. ""
 Haïku
 Ossiane
http://ossiane.blog.lemonde.fr
",0,None,"""Catalog,Search"""
A5,Default,simple,10,Ormeaux," ""Il est midi.
La canicule tombe des ormeaux bleus et noirs
où éclate le cri d'une cigale. » 
                                       Fancis JAMMES

 
",Ormeaux.jpg,Ormeaux.jpg," ""Il est midi.
La canicule tombe des ormeaux bleus et noirs
où éclate le cri d'une cigale. » 
                                       Fancis JAMMES

 
",0,None,"""Catalog,Search"""
C9,Default,simple,15,Muguet,""" Pourquoi le blanc non-couleur ?
C'est comme le silence en musique,
C'est un temps musical aussi. ""
                        Jean-Jacques SCHUHL

",Muguet.jpg,Muguet.jpg,""" Pourquoi le blanc non-couleur ?
C'est comme le silence en musique,
C'est un temps musical aussi. ""
                        Jean-Jacques SCHUHL

",0,None,"""Catalog,Search"""
A2,Default,simple,10,"Goutte d'eau",""" Un rêve bleu Sur les chevaux du vent, Vers les horizons du bonheur Dans la poussière d'étoiles. ""




","Goutte d'eau.jpg","Goutte d'eau.jpg",""" Un rêve bleu Sur les chevaux du vent, Vers les horizons du bonheur Dans la poussière d'étoiles. ""




",0,None,"""Catalog,Search"""
C6,Default,simple,15,Ebène,""" Sur l'Arbre Rouge, as-tu vu
 Le Corbeau Noir ?
 L'as-tu entendu ? ""
                Marguerite BURNAT-PROVINS
 
 ",Ebène.jpg,Ebène.jpg,""" Sur l'Arbre Rouge, as-tu vu
 Le Corbeau Noir ?
 L'as-tu entendu ? ""
                Marguerite BURNAT-PROVINS
 
 ",0,None,"""Catalog,Search"""
C3,Default,simple,15,Bourdon,"""...Tous les petits bourdons bientôt s'envoleront eux aussi vers les fleurs, de tous leurs ailerons, et les troublantes senteurs les enivreront...""
                        Denis GERMAIN
 
 ",Bourdon.jpg,Bourdon.jpg,"""...Tous les petits bourdons bientôt s'envoleront eux aussi vers les fleurs, de tous leurs ailerons, et les troublantes senteurs les enivreront...""
                        Denis GERMAIN
 
 ",0,None,"""Catalog,Search"""
M4,Default,simple,1195,Eternellement," 
"" L'automne, l'automne merveilleux
mêlait son or et sa pourpre
aux dernières verdures restées vives,
comme si des gouttes de soleil fondu
avaient coulé du ciel dans l’épaisseur des bois.             Guy de MAUPASSANT",Eternellement.jpg,Eternellement.jpg," 
"" L'automne, l'automne merveilleux
mêlait son or et sa pourpre
aux dernières verdures restées vives,
comme si des gouttes de soleil fondu
avaient coulé du ciel dans l’épaisseur des bois.             Guy de MAUPASSANT",0,None,"""Catalog,Search"""
T4,Default,simple,99,Incandescence," Tout le jour, la terre pleura.
 Toute la nuit, la terre saigna. Et ces larmes et ce sang Durcis et figés Ont érigé pour la terre,
 de vaillants pénitents Blancs et sablés Gardiens du cratère.

         Hommage à l'Ol Doynio Lengaï
        Dominique Chrisman
",Incandescence.jpg,Incandescence.jpg," Tout le jour, la terre pleura.
 Toute la nuit, la terre saigna. Et ces larmes et ce sang Durcis et figés Ont érigé pour la terre,
 de vaillants pénitents Blancs et sablés Gardiens du cratère.

         Hommage à l'Ol Doynio Lengaï
        Dominique Chrisman
",0,None,"""Catalog,Search"""
T1,Default,simple,380,"La cueillette"," Je jouis infiniment de la beauté douce et tranquille de cette fin d'été, de ce début d'automne.
 Il y a en cette saison, un parfum de mélancolie émouvante, suave...Les âmes sont meilleures, les coeurs plus sensibles...
 Paroles de Poilus
Henry Lange ","La cueillette.jpg","La cueillette.jpg"," Je jouis infiniment de la beauté douce et tranquille de cette fin d'été, de ce début d'automne.
 Il y a en cette saison, un parfum de mélancolie émouvante, suave...Les âmes sont meilleures, les coeurs plus sensibles...
 Paroles de Poilus
Henry Lange ",0,None,"""Catalog,Search"""
B31,Default,simple,12,Châtaigne,""" Écoute l'arbre et la feuille
La nature est une voix
Qui parle à qui se recueille
Et qui chante dans les bois. ""
Victor HUGO
 
 ",Châtaigne.jpg,Châtaigne.jpg,""" Écoute l'arbre et la feuille
La nature est une voix
Qui parle à qui se recueille
Et qui chante dans les bois. ""
Victor HUGO
 
 ",0,None,"""Catalog,Search"""
B28,Default,simple,12,Moabi,""" J’avais un grand arbre vert
 Où nichait mon enfance ailée,
 Un arbre grand troué de lumière
 Qui remplissait le haut de mon âme... ""
 Rina LASNIER
 ",Moabi.jpg,Moabi.jpg,""" J’avais un grand arbre vert
 Où nichait mon enfance ailée,
 Un arbre grand troué de lumière
 Qui remplissait le haut de mon âme... ""
 Rina LASNIER
 ",0,None,"""Catalog,Search"""
E8,Default,simple,24.8,Agaronia,"« Rouge, les feuilles de l'érable.Orange, les champignons des bois.Jaune, le soleil qui se voile.Marron, comme le tronc.Belles sont les couleurs de l'automne ! »
          Samivel",Agaronia.jpg,Agaronia.jpg,"« Rouge, les feuilles de l'érable.Orange, les champignons des bois.Jaune, le soleil qui se voile.Marron, comme le tronc.Belles sont les couleurs de l'automne ! »
          Samivel",0,None,"""Catalog,Search"""
B25,Default,simple,12,Eglantine,""" Pourquoi voulez-vous qu'il y ait une blessure,
 il ne m'est absolument rien arrivé, 
à part vous, Églantine ! ""
 réplique d'Arsène Lupin
",Eglantine.jpg,Eglantine.jpg,""" Pourquoi voulez-vous qu'il y ait une blessure,
 il ne m'est absolument rien arrivé, 
à part vous, Églantine ! ""
 réplique d'Arsène Lupin
",0,None,"""Catalog,Search"""
E5,Default,simple,24.8,Chrysotile,"""Il [le soleil] gonfle de ses feux
 Les trésors dont l'automne 
En riant se couronne ""
C . Delav
",Chrysotile.jpg,Chrysotile.jpg,"""Il [le soleil] gonfle de ses feux
 Les trésors dont l'automne 
En riant se couronne ""
C . Delav
",0,None,"""Catalog,Search"""
E2,Default,simple,24.8,Ellenbeckii,"« L'élégance du corps n'avait d'égal 
que la beauté du vernis: 
Un éblouissant jaune transparent,
Lumineux comme les dernières lueurs
D'un soir de canicule estivale. »
  Jack VANCE.",Ellenbeckii.jpg,Ellenbeckii.jpg,"« L'élégance du corps n'avait d'égal 
que la beauté du vernis: 
Un éblouissant jaune transparent,
Lumineux comme les dernières lueurs
D'un soir de canicule estivale. »
  Jack VANCE.",0,None,"""Catalog,Search"""
B19,Default,simple,12,Pivoine,"
« On appelle cette fleur Pivoine blanche - Oui, Mais un peu de rouge. »

Haïku
Takahama Kyoshi
",Pivoine.jpg,Pivoine.jpg,"
« On appelle cette fleur Pivoine blanche - Oui, Mais un peu de rouge. »

Haïku
Takahama Kyoshi
",0,None,"""Catalog,Search"""
D23,Default,simple,20,Carminéa,"« Rouge est le cœur qui bat dans nos poitrines. Rouge est le feu luisant comme notre espoir. Rouge est notre passion. Rouge est l'aurore qui se lève. »
 Jean-Jacques Goldman",Carminéa.jpg,Carminéa.jpg,"« Rouge est le cœur qui bat dans nos poitrines. Rouge est le feu luisant comme notre espoir. Rouge est notre passion. Rouge est l'aurore qui se lève. »
 Jean-Jacques Goldman",0,None,"""Catalog,Search"""
B16,Default,simple,12,Amaranthe,""" Rendez-vous donc, Ô divine Amaranthe,
soumettez-vous aux volontés d'Amour .
Aimez pendant que vous êtes charmante
car le temps passe et n'a point de retour. ""
 Molière

 ",Amaranthe.jpg,Amaranthe.jpg,""" Rendez-vous donc, Ô divine Amaranthe,
soumettez-vous aux volontés d'Amour .
Aimez pendant que vous êtes charmante
car le temps passe et n'a point de retour. ""
 Molière

 ",0,None,"""Catalog,Search"""
D20,Default,simple,20," Lobélia","« En rouge et noir, j'afficherai mon coeur, 
En échange d'une trêve de douceur, 
En rouge et noir, mes luttes mes faiblesses,
Je les connais, je voudrais tellement qu'elles s'arrêtent »
  Jeanne Mas
"," Lobélia.jpg"," Lobélia.jpg","« En rouge et noir, j'afficherai mon coeur, 
En échange d'une trêve de douceur, 
En rouge et noir, mes luttes mes faiblesses,
Je les connais, je voudrais tellement qu'elles s'arrêtent »
  Jeanne Mas
",0,None,"""Catalog,Search"""
D17,Default,simple,20,Hémanthe,""" Feuille d'automne, 
 Bijou vermeil
 Qui tourbillonne 
 Dans le soleil...""
             Charlotte SERRE
",Hémanthe.jpg,Hémanthe.jpg,""" Feuille d'automne, 
 Bijou vermeil
 Qui tourbillonne 
 Dans le soleil...""
             Charlotte SERRE
",0,None,"""Catalog,Search"""
B13,Default,simple,12,Célosia," "" L ’enfant noir, l’enfant blanc
 ont tous deux le sang rouge. ""
Pierre OSENAT
 ",Célosia.jpg,Célosia.jpg," "" L ’enfant noir, l’enfant blanc
 ont tous deux le sang rouge. ""
Pierre OSENAT
 ",0,None,"""Catalog,Search"""
D14,Default,simple,20,Cyphomandra,""" Rouge Comme un soleil couchant De Méditerranée, Rouge Comme le vin de Bordeaux Dans ma tête étoilée.""            Michel SARDOU",Cyphomandra.jpg,Cyphomandra.jpg,""" Rouge Comme un soleil couchant De Méditerranée, Rouge Comme le vin de Bordeaux Dans ma tête étoilée.""            Michel SARDOU",0,None,"""Catalog,Search"""
B10,Default,simple,12,Prune,"
"" Que n’ai-je un pinceau Qui puisse peindre les fleurs du prunier Avec leur parfum ! ""
 Shoha
",Prune.jpg,Prune.jpg,"
"" Que n’ai-je un pinceau Qui puisse peindre les fleurs du prunier Avec leur parfum ! ""
 Shoha
",0,None,"""Catalog,Search"""
B7,Default,simple,12,"Chaîne des coeurs","« De quoi parlait le vent ?
De quoi tremblaient les branches ?
Était-ce, en ce doux mois,
des nids et des pervenches...
Ou parce qu'elle et moi étions là tout seuls ? »
   Victor HUGO
","Chaîne des coeurs.jpg","Chaîne des coeurs.jpg","« De quoi parlait le vent ?
De quoi tremblaient les branches ?
Était-ce, en ce doux mois,
des nids et des pervenches...
Ou parce qu'elle et moi étions là tout seuls ? »
   Victor HUGO
",0,None,"""Catalog,Search"""
D11,Default,simple,20,Aralia,""" Deux petits papillons roux  Tourbillonnent, tourbillonnent.  Deux petits papillons roux  Tourbillonnent dans l’air doux.  Et tombe la feuille d’automne.""
Louis CODET",Aralia.jpg,Aralia.jpg,""" Deux petits papillons roux  Tourbillonnent, tourbillonnent.  Deux petits papillons roux  Tourbillonnent dans l’air doux.  Et tombe la feuille d’automne.""
Louis CODET",0,None,"""Catalog,Search"""
B4,Default,simple,12,Edelweiss,"« ...Toi l'amie des nuages,
 Fleur de neige  ou de ciel,
 Tu vis libre et sauvage... »
       La Mélodie du Bonheur",Edelweiss.jpg,Edelweiss.jpg,"« ...Toi l'amie des nuages,
 Fleur de neige  ou de ciel,
 Tu vis libre et sauvage... »
       La Mélodie du Bonheur",0,None,"""Catalog,Search"""
D8,Default,simple,20,Macadamia,"""...Un éblouissant safran ondoyant, 
un jaune semblable à de l'or limpide, 
un cristal jaune de lumière ..."" 
                     Jack VANCE.",Macadamia.jpg,Macadamia.jpg,"""...Un éblouissant safran ondoyant, 
un jaune semblable à de l'or limpide, 
un cristal jaune de lumière ..."" 
                     Jack VANCE.",0,None,"""Catalog,Search"""
D5,Default,simple,20,Adania," 
"" Assis sur les pierres de jade,
 Incliné sur un oreiller de jade,
 J'effleure les cordes de la cithare...""
                          Huáng Tíng Jiān
 ",Adania.jpg,Adania.jpg," 
"" Assis sur les pierres de jade,
 Incliné sur un oreiller de jade,
 J'effleure les cordes de la cithare...""
                          Huáng Tíng Jiān
 ",0,None,"""Catalog,Search"""
A18,Default,simple,10,Bleuet,"""Un bleuet est de trop dans un champ de blé, 
 Et pourtant qui peut nier que c'est à lui 
 que celui-ci doit son éclat ?""
Constantyn HUYGENS",Bleuet.jpg,Bleuet.jpg,"""Un bleuet est de trop dans un champ de blé, 
 Et pourtant qui peut nier que c'est à lui 
 que celui-ci doit son éclat ?""
Constantyn HUYGENS",0,None,"""Catalog,Search"""
D2,Default,simple,20,Corydalis,""" L'eau est bleue 
 Car en ses interstices 
 coulent le ciel et la nuit.""
                         Aloysus BERTRAND",Corydalis.jpg,Corydalis.jpg,""" L'eau est bleue 
 Car en ses interstices 
 coulent le ciel et la nuit.""
                         Aloysus BERTRAND",0,None,"""Catalog,Search"""
A15,Default,simple,10,Eclipse,"« Un soleil n'est jamais éclipsé que par des lunes. »
                                            Victor Hugo
 ",Eclipse.jpg,Eclipse.jpg,"« Un soleil n'est jamais éclipsé que par des lunes. »
                                            Victor Hugo
 ",0,None,"""Catalog,Search"""
C19,Default,simple,15,"La Gaulthique",""" n'oublie pas que chaque nuage, 
 si noir soit-il, a toujours une face ensoleillée,
tournée vers le ciel. ""
                         Friedrich Wilhelm Weber","La Gaulthique.jpg","La Gaulthique.jpg",""" n'oublie pas que chaque nuage, 
 si noir soit-il, a toujours une face ensoleillée,
tournée vers le ciel. ""
                         Friedrich Wilhelm Weber",0,None,"""Catalog,Search"""
A12,Default,simple,10,Libellule,"« La vie à l'état pur, aussi fine que l'air 
 qui soutient les ailes des libellules
 et se réjouit de leur danse. »
                             Christian BOBIN",Libellule.jpg,Libellule.jpg,"« La vie à l'état pur, aussi fine que l'air 
 qui soutient les ailes des libellules
 et se réjouit de leur danse. »
                             Christian BOBIN",0,None,"""Catalog,Search"""
C16,Default,simple,15,"Rose noire",""" Tu es comme une rose noire,Parmi les fleurs de mon jardin,Au cœur tendre de mon chagrin. ""
Gérard LENORMAN","Rose noire.jpg","Rose noire.jpg",""" Tu es comme une rose noire,Parmi les fleurs de mon jardin,Au cœur tendre de mon chagrin. ""
Gérard LENORMAN",0,None,"""Catalog,Search"""
A9,Default,simple,10,Coquelicot,""" Je suis un coeur de coquelicot délicat,
gourmand de poésie,
gorgé d'un jus de tendresse.""
                                                                    Valérie MAZEAU",Coquelicot.jpg,Coquelicot.jpg,""" Je suis un coeur de coquelicot délicat,
gourmand de poésie,
gorgé d'un jus de tendresse.""
                                                                    Valérie MAZEAU",0,None,"""Catalog,Search"""
C13,Default,simple,15,Coco," « Si j'étais un arbre,
Je ferais des notes de musique
Avec mes branches pleines de nids d'oiseaux »
 Sarah, 6 ans
",Coco.jpg,Coco.jpg," « Si j'étais un arbre,
Je ferais des notes de musique
Avec mes branches pleines de nids d'oiseaux »
 Sarah, 6 ans
",0,None,"""Catalog,Search"""
A6,Default,simple,10,"Pavot bleu",""" Cueillez-moi ce pavot sauvage            qui croît à l'ombre de ces blés :
On dit qu'il en coule un breuvage qui ferme les yeux accablés.""
                                                                              Alphonse de LAMARTINE
                                                                     ","Pavot bleu.jpg","Pavot bleu.jpg",""" Cueillez-moi ce pavot sauvage            qui croît à l'ombre de ces blés :
On dit qu'il en coule un breuvage qui ferme les yeux accablés.""
                                                                              Alphonse de LAMARTINE
                                                                     ",0,None,"""Catalog,Search"""
C10,Default,simple,15,Virginie,"Aller vers les autres, 
être entourée pour pouvoir mieux imaginer le monde,
toujours garder le sourire.",Virginie.jpg,Virginie.jpg,"Aller vers les autres, 
être entourée pour pouvoir mieux imaginer le monde,
toujours garder le sourire.",0,None,"""Catalog,Search"""
A3,Default,simple,10,Chenille,"
« Ce que la chenille appelle la mort,
 le papillon l'appelle renaissance. »
            
Violette LEBON
 
",Chenille.jpg,Chenille.jpg,"
« Ce que la chenille appelle la mort,
 le papillon l'appelle renaissance. »
            
Violette LEBON
 
",0,None,"""Catalog,Search"""
C7,Default,simple,15,Limba,""" Chaque fleur est une âme
 à la Nature éclose. ""
Gérard de NERVAL
 ",Limba.jpg,Limba.jpg,""" Chaque fleur est une âme
 à la Nature éclose. ""
Gérard de NERVAL
 ",0,None,"""Catalog,Search"""
C4,Default,simple,15,Grapia,""" Manger du raisin Une grappe après l’autre Comme une grappe de mots. ""
Haïku
Nakamura Kusatao",Grapia.jpg,Grapia.jpg,""" Manger du raisin Une grappe après l’autre Comme une grappe de mots. ""
Haïku
Nakamura Kusatao",0,None,"""Catalog,Search"""
C1,Default,simple,15,Guêpe,"« Autour du compotier
 de reines-Claude,
 une guêpe bourdonnait
 et toute la maison semblait ronronner
avec elle sous la caresse de midi. »
Roger Martin du Gar
 
",Guêpe.jpg,Guêpe.jpg,"« Autour du compotier
 de reines-Claude,
 une guêpe bourdonnait
 et toute la maison semblait ronronner
avec elle sous la caresse de midi. »
Roger Martin du Gar
 
",0,None,"""Catalog,Search"""
M1,Default,simple,345,Fibule,"Tant que l'on n'a pas trouvé intérieurement
ce que l'on cherche au-dehors,
on passera à côté sans le voir,
car le monde extérieur
n'est qu'un reflet de notre monde intérieur.
                  Omraam Mikhaël Aïvanhov ",Fibule.jpg,Fibule.jpg,"Tant que l'on n'a pas trouvé intérieurement
ce que l'on cherche au-dehors,
on passera à côté sans le voir,
car le monde extérieur
n'est qu'un reflet de notre monde intérieur.
                  Omraam Mikhaël Aïvanhov ",0,None,"""Catalog,Search"""
T2,Default,simple,380,Femme,"""Ce qui touche jusqu’aux larmes ceux qui assistent à ce spectacle, c'est le regard extatique qu'une belle jeune femme jette à son mari.
On y ressent toute la mélancolie de l’automne, tant à cause de l'immensité qu'à cause de la périssabilité du bonheur humain.""
   Humain, trop humain 
  Nietzsche",Femme.jpg,Femme.jpg,"""Ce qui touche jusqu’aux larmes ceux qui assistent à ce spectacle, c'est le regard extatique qu'une belle jeune femme jette à son mari.
On y ressent toute la mélancolie de l’automne, tant à cause de l'immensité qu'à cause de la périssabilité du bonheur humain.""
   Humain, trop humain 
  Nietzsche",0,None,"""Catalog,Search"""
B32,Default,simple,12,Tola,"
« Quand la vie est une forêt,
Chaque jour est un arbre... »
Jacques PREVERT",Tola.jpg,Tola.jpg,"
« Quand la vie est une forêt,
Chaque jour est un arbre... »
Jacques PREVERT",0,None,"""Catalog,Search"""
B29,Default,simple,12,Angélique,""" ...Angélique du soir,Mésange des beaux jours,Angélique d’espoir,Angélique d’amour. ""
Robert DESNOS
",Angélique.jpg,Angélique.jpg,""" ...Angélique du soir,Mésange des beaux jours,Angélique d’espoir,Angélique d’amour. ""
Robert DESNOS
",0,None,"""Catalog,Search"""
E9,Default,simple,24.8,Andalousie,"« Flambe l'automne
Pourpre et or
Qui vermillonne
Tel un trésor. »
            Charlotte SERRE",Andalousie.jpg,Andalousie.jpg,"« Flambe l'automne
Pourpre et or
Qui vermillonne
Tel un trésor. »
            Charlotte SERRE",0,None,"""Catalog,Search"""
B26,Default,simple,12,Mélisse,""" Monsieur de La Palisse...
Cultive avec délice...
La réglisse pour Alice.
Méli, mélilot,,Mélisse. ""
Robert DESNOS",Mélisse.jpg,Mélisse.jpg,""" Monsieur de La Palisse...
Cultive avec délice...
La réglisse pour Alice.
Méli, mélilot,,Mélisse. ""
Robert DESNOS",0,None,"""Catalog,Search"""
E6,Default,simple,24.8,Gloriosa,""" L'automne est un andante mélancolique et gracieux, qui prépare          admirablement le solennel adagio de l'hiver.""
   George Sand
",Gloriosa.jpg,Gloriosa.jpg,""" L'automne est un andante mélancolique et gracieux, qui prépare          admirablement le solennel adagio de l'hiver.""
   George Sand
",0,None,"""Catalog,Search"""
B23,Default,simple,12,Ancolie,"
"" Deux ancolies se balançaient sur la colline.  Et l’ancolie disait à sa sœur l’ancolie :  Je tremble devant toi et demeure confuse.  Et l’autre répondait... ""

 Francis JAMMES",Ancolie.jpg,Ancolie.jpg,"
"" Deux ancolies se balançaient sur la colline.  Et l’ancolie disait à sa sœur l’ancolie :  Je tremble devant toi et demeure confuse.  Et l’autre répondait... ""

 Francis JAMMES",0,None,"""Catalog,Search"""
E3,Default,simple,24.8,Thraskii,"""Par la couleur du ciel, 
et les plaintes du vent,...
Par mon désir de rêve 
et mon coeur qui frissonne,
J'ai senti de là-bas, 
venir le vent d'automne.""
 Albert LOZEAU
",Thraskii.jpg,Thraskii.jpg,"""Par la couleur du ciel, 
et les plaintes du vent,...
Par mon désir de rêve 
et mon coeur qui frissonne,
J'ai senti de là-bas, 
venir le vent d'automne.""
 Albert LOZEAU
",0,None,"""Catalog,Search"""
B20,Default,simple,12,Iris,"
« L’iris au bord du rivage Se reflétait dans l’étang, Bel iris sauvage  Qui rêves au beau temps. » 



Robert Desnos 
",Iris.jpg,Iris.jpg,"
« L’iris au bord du rivage Se reflétait dans l’étang, Bel iris sauvage  Qui rêves au beau temps. » 



Robert Desnos 
",0,None,"""Catalog,Search"""
D24,Default,simple,20,Golthéria,"""Comme une femme Noire de passion,
Comme une femme Rouge d’émotion,...
Comme une danseuse de Flamenco
Dansant insouciante avec toute son âme...""
in Paroles Eprises 
©Marie-Josée Rizkallah

 ",Golthéria.jpg,Golthéria.jpg,"""Comme une femme Noire de passion,
Comme une femme Rouge d’émotion,...
Comme une danseuse de Flamenco
Dansant insouciante avec toute son âme...""
in Paroles Eprises 
©Marie-Josée Rizkallah

 ",0,None,"""Catalog,Search"""
B17,Default,simple,12,Centoréa,""" Quelle est la couleur des fraises des bois ? VERT !! 
 Mais quelle est la couleur des petits pois ? ROUGE !! ""
Dorothy et le Magicien d'Oz
 
 ",Centoréa.jpg,Centoréa.jpg,""" Quelle est la couleur des fraises des bois ? VERT !! 
 Mais quelle est la couleur des petits pois ? ROUGE !! ""
Dorothy et le Magicien d'Oz
 
 ",0,None,"""Catalog,Search"""
D21,Default,simple,20," Salvia",""" Et quand vient le soir Quand le ciel flamboie Le rouge et le noir Ne s'épousent-ils pas.""
 Jacques BREL
"," Salvia.jpg"," Salvia.jpg",""" Et quand vient le soir Quand le ciel flamboie Le rouge et le noir Ne s'épousent-ils pas.""
 Jacques BREL
",0,None,"""Catalog,Search"""
B14,Default,simple,12,"Cerisier du Japon",""" Un après-midi de Kyoto,
 dans l’espace d’un cerisier, 
Me voici hissé tout en haut 
de l’ivresse d’éxister. ""
René DEPESTRE","Cerisier du Japon.jpg","Cerisier du Japon.jpg",""" Un après-midi de Kyoto,
 dans l’espace d’un cerisier, 
Me voici hissé tout en haut 
de l’ivresse d’éxister. ""
René DEPESTRE",0,None,"""Catalog,Search"""
D18,Default,simple,20,Manilkara,"« L'automne est une demeure
 d'or et de pluie. »
  Jacques CHESSEX",Manilkara.jpg,Manilkara.jpg,"« L'automne est une demeure
 d'or et de pluie. »
  Jacques CHESSEX",0,None,"""Catalog,Search"""
D15,Default,simple,20,Diospyros," "" J 'ai regardé les feuilles rouges,
 Elles tombaient.
 J'ai regardé les feuilles jaunes,
 Elles volaient.
 J'ai regardé les feuilles brunes,
Que le vent poussait.
Rouges , jaunes , brunes,
 Chacune dansait.""
 E. Jaccarel",Diospyros.jpg,Diospyros.jpg," "" J 'ai regardé les feuilles rouges,
 Elles tombaient.
 J'ai regardé les feuilles jaunes,
 Elles volaient.
 J'ai regardé les feuilles brunes,
Que le vent poussait.
Rouges , jaunes , brunes,
 Chacune dansait.""
 E. Jaccarel",0,None,"""Catalog,Search"""
B11,Default,simple,12,Myrtille,""" Les myrtilles sont des grelots                   que rend muets                                       la peur d'être dévorés. ""
                         Sylvain TESSON
",Myrtille.jpg,Myrtille.jpg,""" Les myrtilles sont des grelots                   que rend muets                                       la peur d'être dévorés. ""
                         Sylvain TESSON
",0,None,"""Catalog,Search"""
B8,Default,simple,12,Bégonia,""" Nos grands bois sentiraient la sève,
 Et le soleil sablerait d'or fin
 leur grand rêve vert et vermeil... ""
  Arthur RIMBAUD
",Bégonia.jpg,Bégonia.jpg,""" Nos grands bois sentiraient la sève,
 Et le soleil sablerait d'or fin
 leur grand rêve vert et vermeil... ""
  Arthur RIMBAUD
",0,None,"""Catalog,Search"""
D12,Default,simple,20," Rosa Morada",""" ...J'aime le rouge,
 Répète la framboise à la coccinelle.
 -Moi aussi
Mais avec du noir,
 Répond la coccinelle...""
                  Patrick JOQUEL
 "," Rosa Morada.jpg"," Rosa Morada.jpg",""" ...J'aime le rouge,
 Répète la framboise à la coccinelle.
 -Moi aussi
Mais avec du noir,
 Répond la coccinelle...""
                  Patrick JOQUEL
 ",0,None,"""Catalog,Search"""
B5,Default,simple,12,Olivette,"« ...Si tu conserves l’olivette
 Sans arracher un olivier,
 Quatre anges pendront leur musette
 Aux quatre coins de ton quartier... »
    Chant berbère
",Olivette.jpg,Olivette.jpg,"« ...Si tu conserves l’olivette
 Sans arracher un olivier,
 Quatre anges pendront leur musette
 Aux quatre coins de ton quartier... »
    Chant berbère
",0,None,"""Catalog,Search"""
D9,Default,simple,20,Fitonnia,"Ron, ron, ron,deux marrons tout ronds ! 
Lisses, lisses, lisses, deux marrons tout lisses !
Marrons, hérissons,
aïe, aïe, aïe ! 
 Sophie IRESON",Fitonnia.jpg,Fitonnia.jpg,"Ron, ron, ron,deux marrons tout ronds ! 
Lisses, lisses, lisses, deux marrons tout lisses !
Marrons, hérissons,
aïe, aïe, aïe ! 
 Sophie IRESON",0,None,"""Catalog,Search"""
B2,Default,simple,12,Demoiselle,"« Sur la bruyère arrosée de rosée...
 La demoiselle se berce.
 Et s'il perce dans la brume
 Un rayon d'or qui scintille,
 Son regard brille... »
   Théophile GAUTIER",Demoiselle.jpg,Demoiselle.jpg,"« Sur la bruyère arrosée de rosée...
 La demoiselle se berce.
 Et s'il perce dans la brume
 Un rayon d'or qui scintille,
 Son regard brille... »
   Théophile GAUTIER",0,None,"""Catalog,Search"""
D6,Default,simple,20,Annona,""" ...Vert qui définit la métaphysique
 des métamorphoses. 
 Tu es la couleur de la poésie même..."" 
 
Rodica DRAGHINCESCU

 
 ",Annona.jpg,Annona.jpg,""" ...Vert qui définit la métaphysique
 des métamorphoses. 
 Tu es la couleur de la poésie même..."" 
 
Rodica DRAGHINCESCU

 
 ",0,None,"""Catalog,Search"""
A19,Default,simple,10,Hortensia,"""Où naquit l'hortensia à la belle rondeur ?
 Qui le planta avec tant de bonheur ?
Qui ainsi le nomma pour sa Dame de cœur ? »
Poème de Bretagne.
",Hortensia.jpg,Hortensia.jpg,"""Où naquit l'hortensia à la belle rondeur ?
 Qui le planta avec tant de bonheur ?
Qui ainsi le nomma pour sa Dame de cœur ? »
Poème de Bretagne.
",0,None,"""Catalog,Search"""
D3,Default,simple,20,Calopsis,""" Petite feuille verte bouge
 dans l'arbre...
 Chut !!! voici l'automne.""
                   Comptine
 ",Calopsis.jpg,Calopsis.jpg,""" Petite feuille verte bouge
 dans l'arbre...
 Chut !!! voici l'automne.""
                   Comptine
 ",0,None,"""Catalog,Search"""
A16,Default,simple,10,"L’œil du cyclone","« ...Mais voici le cycloneQui balaye les joursDe ce troupeau de clonesDe ces vies à rebours »
  Bernard PICHARDIE
 ","L’œil du cyclone.jpg","L’œil du cyclone.jpg","« ...Mais voici le cycloneQui balaye les joursDe ce troupeau de clonesDe ces vies à rebours »
  Bernard PICHARDIE
 ",0,None,"""Catalog,Search"""
C20,Default,simple,15,"La Yassounie",""" coquille de noix
 posée sur l'argent du matin
 heures pourpres .""
                           Haïku
 Ossiane
","La Yassounie.jpg","La Yassounie.jpg",""" coquille de noix
 posée sur l'argent du matin
 heures pourpres .""
                           Haïku
 Ossiane
",0,None,"""Catalog,Search"""
A13,Default,simple,10,Luciole,"« belle luciole laisse moi être ton rêve luisant même si je ne suis pas prince charmant
 on allumera la nuit si tu en as envie. »
                                           Anonyme
 ",Luciole.jpg,Luciole.jpg,"« belle luciole laisse moi être ton rêve luisant même si je ne suis pas prince charmant
 on allumera la nuit si tu en as envie. »
                                           Anonyme
 ",0,None,"""Catalog,Search"""
C17,Default,simple,15,Yang,""" Que serait le monde sans contradictions, Que la passion sans la raison, Un antidote sans poison, Une liberté sans prison? ""
 Soricelli PELLEGRINO",Yang.jpg,Yang.jpg,""" Que serait le monde sans contradictions, Que la passion sans la raison, Un antidote sans poison, Une liberté sans prison? ""
 Soricelli PELLEGRINO",0,None,"""Catalog,Search"""
A10,Default,simple,10,Padella,"« c'est un amour de chenille 
 qui traîne de rose en rose, 
 gâtant le bord de la feuille
 sans atteindre le calice. »
                 Jules MICHELET",Padella.jpg,Padella.jpg,"« c'est un amour de chenille 
 qui traîne de rose en rose, 
 gâtant le bord de la feuille
 sans atteindre le calice. »
                 Jules MICHELET",0,None,"""Catalog,Search"""
C14,Default,simple,15,Touari,"""...Je l'ai cherché dans l'eau, dans les yeux, dans la perle;  Gris indéfinissable et comme velouté,  Gris pâle d'une mer d'octobre qui déferle. ""
 Georges RODENBACH
 ",Touari.jpg,Touari.jpg,"""...Je l'ai cherché dans l'eau, dans les yeux, dans la perle;  Gris indéfinissable et comme velouté,  Gris pâle d'une mer d'octobre qui déferle. ""
 Georges RODENBACH
 ",0,None,"""Catalog,Search"""
A20,Default,simple,10,Sphaerophoria,"« ...un violet de cobalt pour la rêverie 
 un ocre jaune pour accepter la terre 
 une terre d'ombre pour mieux accepter la mélancolie noire... » 
       Le Testament      Viera da Silva 
",Sphaerophoria.jpg,Sphaerophoria.jpg,"« ...un violet de cobalt pour la rêverie 
 un ocre jaune pour accepter la terre 
 une terre d'ombre pour mieux accepter la mélancolie noire... » 
       Le Testament      Viera da Silva 
",0,None,"""Catalog,Search"""
B22,Default,simple,12,jacinthe,"
"" Dans la nuit fleurit la jacinthe, Il fait froid, Les lampes sont éteintes, Prenez la jacinthe. ""


 Robert DESNOS
",jacinthe.jpg,jacinthe.jpg,"
"" Dans la nuit fleurit la jacinthe, Il fait froid, Les lampes sont éteintes, Prenez la jacinthe. ""


 Robert DESNOS
",0,None,"""Catalog,Search"""
B1,Default,simple,12,Myotosis,"« Ta clarté révèle,
Le reflet lumineux de l’azur bleuté,
Une infinité de ciels étoilés
Et ta simplicité me rappelle
Nos amours in-oubliées »
              Valérie BUCHER",Myotosis.jpg,Myotosis.jpg,"« Ta clarté révèle,
Le reflet lumineux de l’azur bleuté,
Une infinité de ciels étoilés
Et ta simplicité me rappelle
Nos amours in-oubliées »
              Valérie BUCHER",0,None,"""Catalog,Search"""
